{
	"format_version": "1.9.0",
	"credit": "Made with Blockbench",
	"textures": {
		"0": "item/last_warrior_sword",
		"particle": "item/last_warrior_sword"
	},
	"elements": [
		{
			"from": [7.9, 5, 6.7],
			"to": [8.1, 5.3, 9.3],
			"rotation": {"angle": 0, "axis": "y", "origin": [7, 5, 7]},
			"faces": {
				"north": {"uv": [9, 8, 9.5, 8.5], "texture": "#0"},
				"east": {"uv": [2, 0, 4.5, 0.5], "texture": "#0"},
				"south": {"uv": [9, 9, 9.5, 9.5], "texture": "#0"},
				"west": {"uv": [2, 1, 4.5, 1.5], "texture": "#0"},
				"up": {"uv": [2.5, 4.5, 2, 2], "texture": "#0"},
				"down": {"uv": [3.5, 2, 3, 4.5], "texture": "#0"}
			}
		},
		{
			"from": [8.1, 5, 7.9],
			"to": [9.3, 5.3, 8.1],
			"rotation": {"angle": 0, "axis": "y", "origin": [8, 5.15, 8]},
			"faces": {
				"north": {"uv": [9, 3, 10, 3.5], "texture": "#0"},
				"east": {"uv": [7, 10, 7.5, 10.5], "texture": "#0"},
				"south": {"uv": [4, 9, 5, 9.5], "texture": "#0"},
				"west": {"uv": [10, 7, 10.5, 7.5], "texture": "#0"},
				"up": {"uv": [10, 4.5, 9, 4], "texture": "#0"},
				"down": {"uv": [6, 9, 5, 9.5], "texture": "#0"}
			}
		},
		{
			"from": [6.7, 5, 7.9],
			"to": [7.9, 5.3, 8.1],
			"rotation": {"angle": 0, "axis": "y", "origin": [6.6, 5.15, 8]},
			"faces": {
				"north": {"uv": [9, 5, 10, 5.5], "texture": "#0"},
				"east": {"uv": [8, 10, 8.5, 10.5], "texture": "#0"},
				"south": {"uv": [6, 9, 7, 9.5], "texture": "#0"},
				"west": {"uv": [10, 8, 10.5, 8.5], "texture": "#0"},
				"up": {"uv": [10, 6.5, 9, 6], "texture": "#0"},
				"down": {"uv": [8, 9, 7, 9.5], "texture": "#0"}
			}
		},
		{
			"from": [7.9, 5.3, 9],
			"to": [8.1, 7.7, 9.3],
			"rotation": {"angle": 0, "axis": "x", "origin": [7, 5.6, 9.3]},
			"faces": {
				"north": {"uv": [0, 4, 0.5, 6.5], "texture": "#0"},
				"east": {"uv": [1, 4, 1.5, 6.5], "texture": "#0"},
				"south": {"uv": [4, 2, 4.5, 4.5], "texture": "#0"},
				"west": {"uv": [5, 0, 5.5, 2.5], "texture": "#0"},
				"up": {"uv": [5.5, 10.5, 5, 10], "texture": "#0"},
				"down": {"uv": [10.5, 5, 10, 5.5], "texture": "#0"}
			}
		},
		{
			"from": [7.9, 5.3, 6.7],
			"to": [8.1, 7.7, 7],
			"rotation": {"angle": 0, "axis": "x", "origin": [7, 5.6, 7]},
			"faces": {
				"north": {"uv": [2, 5, 2.5, 7.5], "texture": "#0"},
				"east": {"uv": [3, 5, 3.5, 7.5], "texture": "#0"},
				"south": {"uv": [5, 3, 5.5, 5.5], "texture": "#0"},
				"west": {"uv": [4, 5, 4.5, 7.5], "texture": "#0"},
				"up": {"uv": [6.5, 10.5, 6, 10], "texture": "#0"},
				"down": {"uv": [10.5, 6, 10, 6.5], "texture": "#0"}
			}
		},
		{
			"from": [9, 5.3, 7.9],
			"to": [9.3, 7.7, 8.1],
			"rotation": {"angle": 0, "axis": "y", "origin": [9.15, 6.6, 8]},
			"faces": {
				"north": {"uv": [6, 0, 6.5, 2.5], "texture": "#0"},
				"east": {"uv": [6, 3, 6.5, 5.5], "texture": "#0"},
				"south": {"uv": [5, 6, 5.5, 8.5], "texture": "#0"},
				"west": {"uv": [6, 6, 6.5, 8.5], "texture": "#0"},
				"up": {"uv": [9.5, 10.5, 9, 10], "texture": "#0"},
				"down": {"uv": [10.5, 9, 10, 9.5], "texture": "#0"}
			}
		},
		{
			"from": [6.7, 5.3, 7.9],
			"to": [7, 7.7, 8.1],
			"rotation": {"angle": 0, "axis": "y", "origin": [6.85, 6.6, 8]},
			"faces": {
				"north": {"uv": [0, 7, 0.5, 9.5], "texture": "#0"},
				"east": {"uv": [7, 0, 7.5, 2.5], "texture": "#0"},
				"south": {"uv": [1, 7, 1.5, 9.5], "texture": "#0"},
				"west": {"uv": [7, 3, 7.5, 5.5], "texture": "#0"},
				"up": {"uv": [10.5, 10.5, 10, 10], "texture": "#0"},
				"down": {"uv": [0.5, 11, 0, 11.5], "texture": "#0"}
			}
		},
		{
			"from": [7.95, 7.7, 9.05],
			"to": [8.05, 7.85, 9.25],
			"rotation": {"angle": 0, "axis": "x", "origin": [7, 8, 9.3]},
			"faces": {
				"north": {"uv": [7, 12, 7.5, 12.5], "texture": "#0"},
				"east": {"uv": [12, 7, 12.5, 7.5], "texture": "#0"},
				"south": {"uv": [8, 12, 8.5, 12.5], "texture": "#0"},
				"west": {"uv": [12, 8, 12.5, 8.5], "texture": "#0"},
				"up": {"uv": [9.5, 12.5, 9, 12], "texture": "#0"},
				"down": {"uv": [12.5, 9, 12, 9.5], "texture": "#0"}
			}
		},
		{
			"from": [6.75, 7.7, 7.95],
			"to": [6.95, 7.85, 8.05],
			"rotation": {"angle": 0, "axis": "y", "origin": [6.85, 9, 8]},
			"faces": {
				"north": {"uv": [4, 12, 4.5, 12.5], "texture": "#0"},
				"east": {"uv": [12, 4, 12.5, 4.5], "texture": "#0"},
				"south": {"uv": [5, 12, 5.5, 12.5], "texture": "#0"},
				"west": {"uv": [12, 5, 12.5, 5.5], "texture": "#0"},
				"up": {"uv": [6.5, 12.5, 6, 12], "texture": "#0"},
				"down": {"uv": [12.5, 6, 12, 6.5], "texture": "#0"}
			}
		},
		{
			"from": [7.95, 7.7, 6.75],
			"to": [8.05, 7.85, 6.95],
			"rotation": {"angle": 0, "axis": "x", "origin": [7, 8, 7]},
			"faces": {
				"north": {"uv": [1, 12, 1.5, 12.5], "texture": "#0"},
				"east": {"uv": [12, 1, 12.5, 1.5], "texture": "#0"},
				"south": {"uv": [2, 12, 2.5, 12.5], "texture": "#0"},
				"west": {"uv": [12, 2, 12.5, 2.5], "texture": "#0"},
				"up": {"uv": [3.5, 12.5, 3, 12], "texture": "#0"},
				"down": {"uv": [12.5, 3, 12, 3.5], "texture": "#0"}
			}
		},
		{
			"from": [9.05, 7.7, 7.95],
			"to": [9.25, 7.85, 8.05],
			"rotation": {"angle": 0, "axis": "y", "origin": [9.15, 9, 8]},
			"faces": {
				"north": {"uv": [11, 9, 11.5, 9.5], "texture": "#0"},
				"east": {"uv": [10, 11, 10.5, 11.5], "texture": "#0"},
				"south": {"uv": [11, 10, 11.5, 10.5], "texture": "#0"},
				"west": {"uv": [11, 11, 11.5, 11.5], "texture": "#0"},
				"up": {"uv": [0.5, 12.5, 0, 12], "texture": "#0"},
				"down": {"uv": [12.5, 0, 12, 0.5], "texture": "#0"}
			}
		},
		{
			"from": [8, 7.85, 9.1],
			"to": [8, 8, 9.2],
			"rotation": {"angle": 0, "axis": "x", "origin": [7, 8.15, 9.3]},
			"faces": {
				"north": {"uv": [0, 0, 0, 0.5], "texture": "#0"},
				"east": {"uv": [13, 0, 13.5, 0.5], "texture": "#0"},
				"south": {"uv": [0, 0, 0, 0.5], "texture": "#0"},
				"west": {"uv": [1, 13, 1.5, 13.5], "texture": "#0"},
				"up": {"uv": [0, 0.5, 0, 0], "texture": "#0"},
				"down": {"uv": [0, 0, 0, 0.5], "texture": "#0"}
			}
		},
		{
			"from": [6.8, 7.85, 8],
			"to": [6.9, 8, 8],
			"rotation": {"angle": 0, "axis": "y", "origin": [6.85, 9.15, 8]},
			"faces": {
				"north": {"uv": [12, 12, 12.5, 12.5], "texture": "#0"},
				"east": {"uv": [0, 0, 0, 0.5], "texture": "#0"},
				"south": {"uv": [0, 13, 0.5, 13.5], "texture": "#0"},
				"west": {"uv": [0, 0, 0, 0.5], "texture": "#0"},
				"up": {"uv": [0.5, 0, 0, 0], "texture": "#0"},
				"down": {"uv": [0.5, 0, 0, 0], "texture": "#0"}
			}
		},
		{
			"from": [8, 7.85, 6.8],
			"to": [8, 8, 6.9],
			"rotation": {"angle": 0, "axis": "x", "origin": [7, 8.15, 7]},
			"faces": {
				"north": {"uv": [0, 0, 0, 0.5], "texture": "#0"},
				"east": {"uv": [11, 12, 11.5, 12.5], "texture": "#0"},
				"south": {"uv": [0, 0, 0, 0.5], "texture": "#0"},
				"west": {"uv": [12, 11, 12.5, 11.5], "texture": "#0"},
				"up": {"uv": [0, 0.5, 0, 0], "texture": "#0"},
				"down": {"uv": [0, 0, 0, 0.5], "texture": "#0"}
			}
		},
		{
			"from": [9.1, 7.85, 8],
			"to": [9.2, 8, 8],
			"rotation": {"angle": 0, "axis": "y", "origin": [9.15, 9.15, 8]},
			"faces": {
				"north": {"uv": [10, 12, 10.5, 12.5], "texture": "#0"},
				"east": {"uv": [0, 0, 0, 0.5], "texture": "#0"},
				"south": {"uv": [12, 10, 12.5, 10.5], "texture": "#0"},
				"west": {"uv": [0, 0, 0, 0.5], "texture": "#0"},
				"up": {"uv": [0.5, 0, 0, 0], "texture": "#0"},
				"down": {"uv": [0.5, 0, 0, 0], "texture": "#0"}
			}
		},
		{
			"from": [7.95, 1.4, 7.8],
			"to": [8.05, 2.6, 8.2],
			"rotation": {"angle": 0, "axis": "y", "origin": [7, 0, 7]},
			"faces": {
				"north": {"uv": [3, 8, 3.5, 9], "texture": "#0"},
				"east": {"uv": [4, 8, 4.5, 9], "texture": "#0"},
				"south": {"uv": [8, 4, 8.5, 5], "texture": "#0"},
				"west": {"uv": [8, 5, 8.5, 6], "texture": "#0"},
				"up": {"uv": [9.5, 7.5, 9, 7], "texture": "#0"},
				"down": {"uv": [8.5, 9, 8, 9.5], "texture": "#0"}
			}
		},
		{
			"from": [7.95, 1.025, 7.85],
			"to": [8.05, 1.4, 8.15],
			"rotation": {"angle": 0, "axis": "y", "origin": [8, 1.2125, 8]},
			"faces": {
				"north": {"uv": [11, 0, 11.5, 0.5], "texture": "#0"},
				"east": {"uv": [1, 11, 1.5, 11.5], "texture": "#0"},
				"south": {"uv": [11, 1, 11.5, 1.5], "texture": "#0"},
				"west": {"uv": [2, 11, 2.5, 11.5], "texture": "#0"},
				"up": {"uv": [11.5, 2.5, 11, 2], "texture": "#0"},
				"down": {"uv": [3.5, 11, 3, 11.5], "texture": "#0"}
			}
		},
		{
			"from": [7.85, 1.025, 7.95],
			"to": [7.95, 1.4, 8.05],
			"rotation": {"angle": 0, "axis": "y", "origin": [8, 1.2125, 8]},
			"faces": {
				"north": {"uv": [11, 3, 11.5, 3.5], "texture": "#0"},
				"east": {"uv": [4, 11, 4.5, 11.5], "texture": "#0"},
				"south": {"uv": [11, 4, 11.5, 4.5], "texture": "#0"},
				"west": {"uv": [5, 11, 5.5, 11.5], "texture": "#0"},
				"up": {"uv": [11.5, 5.5, 11, 5], "texture": "#0"},
				"down": {"uv": [6.5, 11, 6, 11.5], "texture": "#0"}
			}
		},
		{
			"from": [8.05, 1.025, 7.95],
			"to": [8.15, 1.4, 8.05],
			"rotation": {"angle": 0, "axis": "y", "origin": [8.2, 1.2125, 8]},
			"faces": {
				"north": {"uv": [11, 6, 11.5, 6.5], "texture": "#0"},
				"east": {"uv": [7, 11, 7.5, 11.5], "texture": "#0"},
				"south": {"uv": [11, 7, 11.5, 7.5], "texture": "#0"},
				"west": {"uv": [8, 11, 8.5, 11.5], "texture": "#0"},
				"up": {"uv": [11.5, 8.5, 11, 8], "texture": "#0"},
				"down": {"uv": [9.5, 11, 9, 11.5], "texture": "#0"}
			}
		},
		{
			"from": [7.925, 2.6, 7.75],
			"to": [8.075, 3.4, 8.25],
			"rotation": {"angle": 0, "axis": "y", "origin": [7, 1.6, 7]},
			"faces": {
				"north": {"uv": [8, 6, 8.5, 7], "texture": "#0"},
				"east": {"uv": [7, 8, 7.5, 9], "texture": "#0"},
				"south": {"uv": [8, 7, 8.5, 8], "texture": "#0"},
				"west": {"uv": [8, 8, 8.5, 9], "texture": "#0"},
				"up": {"uv": [0.5, 10.5, 0, 10], "texture": "#0"},
				"down": {"uv": [10.5, 0, 10, 0.5], "texture": "#0"}
			}
		},
		{
			"from": [7.9, 3.4, 7.7],
			"to": [8.1, 5, 8.3],
			"rotation": {"angle": 0, "axis": "y", "origin": [7, 2.4, 7]},
			"faces": {
				"north": {"uv": [7, 6, 7.5, 7.5], "texture": "#0"},
				"east": {"uv": [8, 0, 8.5, 1.5], "texture": "#0"},
				"south": {"uv": [2, 8, 2.5, 9.5], "texture": "#0"},
				"west": {"uv": [8, 2, 8.5, 3.5], "texture": "#0"},
				"up": {"uv": [1.5, 10.5, 1, 10], "texture": "#0"},
				"down": {"uv": [10.5, 1, 10, 1.5], "texture": "#0"}
			}
		},
		{
			"from": [8, 5.3, 7.4],
			"to": [8, 9.3, 8.6],
			"rotation": {"angle": 0, "axis": "y", "origin": [6.9, 5.3, 7]},
			"faces": {
				"north": {"uv": [0, 0, 0, 4], "texture": "#0"},
				"east": {"uv": [0, 0, 1, 4], "texture": "#0"},
				"south": {"uv": [0, 0, 0, 4], "texture": "#0"},
				"west": {"uv": [1, 0, 2, 4], "texture": "#0"},
				"up": {"uv": [0, 1, 0, 0], "texture": "#0"},
				"down": {"uv": [0, 0, 0, 1], "texture": "#0"}
			}
		},
		{
			"from": [8, 9.3, 7.4],
			"to": [8, 9.55, 8.4],
			"rotation": {"angle": 0, "axis": "y", "origin": [6.9, 9.3, 7]},
			"faces": {
				"north": {"uv": [0, 0, 0, 0.5], "texture": "#0"},
				"east": {"uv": [9, 0, 10, 0.5], "texture": "#0"},
				"south": {"uv": [0, 0, 0, 0.5], "texture": "#0"},
				"west": {"uv": [9, 1, 10, 1.5], "texture": "#0"},
				"up": {"uv": [0, 1, 0, 0], "texture": "#0"},
				"down": {"uv": [0, 0, 0, 1], "texture": "#0"}
			}
		},
		{
			"from": [8, 9.55, 7.4],
			"to": [8, 9.8, 8.2],
			"rotation": {"angle": 0, "axis": "y", "origin": [6.9, 9.55, 7]},
			"faces": {
				"north": {"uv": [0, 0, 0, 0.5], "texture": "#0"},
				"east": {"uv": [9, 2, 10, 2.5], "texture": "#0"},
				"south": {"uv": [0, 0, 0, 0.5], "texture": "#0"},
				"west": {"uv": [3, 9, 4, 9.5], "texture": "#0"},
				"up": {"uv": [0, 1, 0, 0], "texture": "#0"},
				"down": {"uv": [0, 0, 0, 1], "texture": "#0"}
			}
		},
		{
			"from": [8, 9.8, 7.4],
			"to": [8, 10.05, 8],
			"rotation": {"angle": 0, "axis": "y", "origin": [6.9, 9.8, 7]},
			"faces": {
				"north": {"uv": [0, 0, 0, 0.5], "texture": "#0"},
				"east": {"uv": [2, 10, 2.5, 10.5], "texture": "#0"},
				"south": {"uv": [0, 0, 0, 0.5], "texture": "#0"},
				"west": {"uv": [10, 2, 10.5, 2.5], "texture": "#0"},
				"up": {"uv": [0, 0.5, 0, 0], "texture": "#0"},
				"down": {"uv": [0, 0, 0, 0.5], "texture": "#0"}
			}
		},
		{
			"from": [8, 10.05, 7.4],
			"to": [8, 10.3, 7.8],
			"rotation": {"angle": 0, "axis": "y", "origin": [6.9, 10.05, 7]},
			"faces": {
				"north": {"uv": [0, 0, 0, 0.5], "texture": "#0"},
				"east": {"uv": [3, 10, 3.5, 10.5], "texture": "#0"},
				"south": {"uv": [0, 0, 0, 0.5], "texture": "#0"},
				"west": {"uv": [10, 3, 10.5, 3.5], "texture": "#0"},
				"up": {"uv": [0, 0.5, 0, 0], "texture": "#0"},
				"down": {"uv": [0, 0, 0, 0.5], "texture": "#0"}
			}
		},
		{
			"from": [8, 10.3, 7.4],
			"to": [8, 10.55, 7.6],
			"rotation": {"angle": 0, "axis": "y", "origin": [6.9, 10.3, 7]},
			"faces": {
				"north": {"uv": [0, 0, 0, 0.5], "texture": "#0"},
				"east": {"uv": [4, 10, 4.5, 10.5], "texture": "#0"},
				"south": {"uv": [0, 0, 0, 0.5], "texture": "#0"},
				"west": {"uv": [10, 4, 10.5, 4.5], "texture": "#0"},
				"up": {"uv": [0, 0.5, 0, 0], "texture": "#0"},
				"down": {"uv": [0, 0, 0, 0.5], "texture": "#0"}
			}
		}
	],
	"display": {
		"thirdperson_righthand": {
			"rotation": [179.9, 2.32, 178.41],
			"translation": [-0.75, 24.25, 1],
			"scale": [4, 4, 4]
		},
		"thirdperson_lefthand": {
			"rotation": [-133, 0, 0],
			"translation": [0, -12.25, -8.25],
			"scale": [2.5, 2.5, 2.5]
		},
		"firstperson_righthand": {
			"rotation": [120.75, -21, -180],
			"translation": [0, 10.25, -2.75],
			"scale": [3.5, 3.5, 3.5]
		},
		"firstperson_lefthand": {
			"rotation": [159.25, 0, 0],
			"translation": [0, -9.5, 5.25],
			"scale": [3.5, 3.5, 3.5]
		},
		"ground": {
			"rotation": [28.14, 12.53, 34.57],
			"translation": [-1.25, 0, 2],
			"scale": [3, 3, 3]
		},
		"gui": {
			"rotation": [35.4, 33.21, -52.37],
			"translation": [4, 8.25, 0],
			"scale": [3, 3, 3]
		},
		"head": {
			"translation": [0, 10.75, 0],
			"scale": [0, 0, 0]
		}
	}
}