{
	"format_version": "1.9.0",
	"credit": "Made with Blockbench",
	"texture_size": [32, 32],
	"textures": {
		"0": "item/skull_fake",
		"particle": "item/skull_fake"
	},
	"elements": [
		{
			"from": [0, -14, 0],
			"to": [16, 29, 24],
			"rotation": {"angle": 0, "axis": "y", "origin": [8, 0, 0]},
			"faces": {
				"north": {"uv": [0, 0, 0, 16], "texture": "#0"},
				"east": {"uv": [0, 0, 8, 16], "texture": "#0"},
				"south": {"uv": [0, 0, 0, 16], "texture": "#0"},
				"west": {"uv": [8, 0, 16, 16], "texture": "#0"},
				"up": {"uv": [0, 8, 0, 0], "texture": "#0"},
				"down": {"uv": [0, 0, 0, 8], "texture": "#0"}
			}
		}
	],
	"display": {
		"gui": {
			"rotation": [-180, 90, -180],
			"translation": [-80, 36, 0],
			"scale": [4, 4, 4]
		}
	}
}