{
    "parent": "builtin/entity",
    "textures": {
        "particle": "block/soul_sand"
    },
    "display": {
        "firstperson_righthand": {
            "translation": [0.5, 0, 0],
            "scale": [0, 0, 0]
        },
        "firstperson_lefthand": {
            "translation": [0.5, 0, 0],
            "scale": [0, 0, 0]
        },
        "gui": {
            "rotation": [ 30, 45, 0 ],
            "translation": [ -256, 19, 0 ],
            "scale": [ 3, 3, 3 ]
        },
        "fixed": {
            "rotation": [ 0, 180, 0 ],
            "translation": [ 0, 4, 0],
            "scale":[ 0, 0, 0 ]
        },
        "ground": {
            "rotation": [ 0, 0, 0 ],
            "translation": [ 0, 3, 0 ],
            "scale": [ 0.0, 0.0, 0.0 ]
        },
        "thirdperson_righthand": {
            "rotation": [ 45, 45, 0 ],
            "translation": [ 0, 3, 0 ],
            "scale": [ 0.0, 0.0, 0.0 ]
        }
    }
}
