{
	"format_version": "1.9.0",
	"credit": "Made with Blockbench",
	"texture_size": [32, 32],
	"textures": {
		"0": "blocks/zabortexture",
		"particle": "blocks/zabortexture"
	},
	"elements": [
		{
			"from": [7, 1.75, -7],
			"to": [9, 3.75, 15.75],
			"rotation": {"angle": 45, "axis": "x", "origin": [7, 1.75, 12.25]},
			"faces": {
				"north": {"uv": [10, 3, 11, 4], "texture": "#0"},
				"east": {"uv": [0, 0, 11.5, 1], "texture": "#0"},
				"south": {"uv": [10, 4, 11, 5], "texture": "#0"},
				"west": {"uv": [0, 1, 11.5, 2], "texture": "#0"},
				"up": {"uv": [1, 13.5, 0, 2], "texture": "#0"},
				"down": {"uv": [2, 2, 1, 13.5], "texture": "#0"}
			}
		},
		{
			"from": [7, -5, 0],
			"to": [9, 12, 2],
			"rotation": {"angle": 0, "axis": "x", "origin": [8, 6.125, 1]},
			"faces": {
				"north": {"uv": [2, 2, 3, 10.5], "texture": "#0"},
				"east": {"uv": [3, 2, 4, 10.5], "texture": "#0"},
				"south": {"uv": [4, 2, 5, 10.5], "texture": "#0"},
				"west": {"uv": [5, 2, 6, 10.5], "texture": "#0"},
				"up": {"uv": [10, 10, 9, 9], "texture": "#0"},
				"down": {"uv": [11, 2, 10, 3], "texture": "#0"}
			}
		},
		{
			"from": [7, -5, 5],
			"to": [9, 7, 7],
			"rotation": {"angle": 0, "axis": "x", "origin": [8, 6.125, 6]},
			"faces": {
				"north": {"uv": [6, 2, 7, 8], "texture": "#0"},
				"east": {"uv": [7, 2, 8, 8], "texture": "#0"},
				"south": {"uv": [8, 2, 9, 8], "texture": "#0"},
				"west": {"uv": [6, 8, 7, 14], "texture": "#0"},
				"up": {"uv": [11, 6, 10, 5], "texture": "#0"},
				"down": {"uv": [11, 6, 10, 7], "texture": "#0"}
			}
		},
		{
			"from": [7, -5, 10],
			"to": [9, 2, 12],
			"rotation": {"angle": 0, "axis": "x", "origin": [8, 6.125, 11]},
			"faces": {
				"north": {"uv": [7, 8, 8, 11.5], "texture": "#0"},
				"east": {"uv": [8, 8, 9, 11.5], "texture": "#0"},
				"south": {"uv": [9, 2, 10, 5.5], "texture": "#0"},
				"west": {"uv": [9, 5.5, 10, 9], "texture": "#0"},
				"up": {"uv": [11, 8, 10, 7], "texture": "#0"},
				"down": {"uv": [11, 8, 10, 9], "texture": "#0"}
			}
		}
	],
	"display": {},
	"groups": [
		{
			"name": "group",
			"origin": [7, 0, 13],
			"color": 0,
			"children": [0, 1, 2, 3]
		}
	]
}