{
	"format_version": "1.9.0",
	"credit": "Made with Blockbench",
	"elements": [
		{
			"from": [7, 0, -5.25],
			"to": [9, 2, 7.5],
			"rotation": {"angle": 45, "axis": "x", "origin": [7, 0, 13]},
			"color": 2,
			"faces": {
				"north": {"uv": [0, 0, 2, 2], "rotation": 180, "texture": "#missing"},
				"east": {"uv": [0, 0, 2, 12.75], "rotation": 90, "texture": "#missing"},
				"south": {"uv": [0, 0, 2, 2], "texture": "#missing"},
				"west": {"uv": [0, 0, 2, 12.75], "rotation": 270, "texture": "#missing"},
				"up": {"uv": [0, 0, 2, 12.75], "texture": "#missing"},
				"down": {"uv": [0, 0, 2, 12.75], "rotation": 180, "texture": "#missing"}
			}
		},
		{
			"from": [6.42893, 4.58579, 8],
			"to": [16.17893, 6.58579, 10],
			"rotation": {"angle": 0, "axis": "y", "origin": [8, 6, 9]},
			"color": 2,
			"faces": {
				"north": {"uv": [0, 0, 2, 9.75], "rotation": 270, "texture": "#missing"},
				"east": {"uv": [0, 0, 2, 2], "rotation": 180, "texture": "#missing"},
				"south": {"uv": [0, 0, 2, 9.75], "rotation": 90, "texture": "#missing"},
				"west": {"uv": [0, 0, 2, 2], "texture": "#missing"},
				"up": {"uv": [0, 0, 2, 9.75], "rotation": 90, "texture": "#missing"},
				"down": {"uv": [0, 0, 2, 9.75], "rotation": 90, "texture": "#missing"}
			}
		}
	],
	"groups": [
		{
			"name": "group",
			"origin": [7, 0, 13],
			"color": 0,
			"children": [0, 1]
		}
	]
}